{
  "id": "1585310",
  "name": "管理后台",
  "font_family": "iconfont",
  "css_prefix_text": "icon-",
  "description": "",
  "glyphs": [
    {
      "icon_id": "830002",
      "name": "管理",
      "font_class": "guanli",
      "unicode": "e6cb",
      "unicode_decimal": 59083
    },
    {
      "icon_id": "1761531",
      "name": "金额",
      "font_class": "jine",
      "unicode": "e64f",
      "unicode_decimal": 58959
    },
    {
      "icon_id": "2285615",
      "name": "保单",
      "font_class": "baodan",
      "unicode": "e60b",
      "unicode_decimal": 58891
    },
    {
      "icon_id": "2297297",
      "name": "管理 ",
      "font_class": "guanli1",
      "unicode": "e626",
      "unicode_decimal": 58918
    },
    {
      "icon_id": "2353913",
      "name": "金额",
      "font_class": "jine1",
      "unicode": "e614",
      "unicode_decimal": 58900
    },
    {
      "icon_id": "2783144",
      "name": "代理人",
      "font_class": "dailiren",
      "unicode": "e620",
      "unicode_decimal": 58912
    },
    {
      "icon_id": "3440567",
      "name": "产品 要素",
      "font_class": "chanpinyaosu",
      "unicode": "e60f",
      "unicode_decimal": 58895
    },
    {
      "icon_id": "3547686",
      "name": "金额",
      "font_class": "iconMoney",
      "unicode": "e600",
      "unicode_decimal": 58880
    }
  ]
}
